#Board of Governors of the Federal Reserve System (US),
# Federal Funds Effective Rate [FEDFUNDS], retrieved from FRED,
# Federal Reserve Bank of St. Louis; https://fred.stlouisfed.org/series/FEDFUNDS, August 22, 2023. 
#DATE,MORTGAGE15US
30-08-1991,8.77
06-09-1991,8.79
13-09-1991,8.68
20-09-1991,8.62
27-09-1991,8.59
04-10-1991,8.51
11-10-1991,8.46
18-10-1991,8.45
25-10-1991,8.51
01-11-1991,8.41
08-11-1991,8.36
15-11-1991,8.32
22-11-1991,8.25
29-11-1991,8.29
06-12-1991,8.21
13-12-1991,8.1
20-12-1991,8.07
27-12-1991,7.9
03-01-1992,7.79
10-01-1992,7.79
17-01-1992,8.03
24-01-1992,8.14
31-01-1992,8.28
07-02-1992,8.3
14-02-1992,8.36
21-02-1992,8.43
28-02-1992,8.44
06-03-1992,8.48
13-03-1992,8.51
20-03-1992,8.69
27-03-1992,8.63
03-04-1992,8.57
10-04-1992,8.44
17-04-1992,8.38
24-04-1992,8.49
01-05-1992,8.46
08-05-1992,8.38
15-05-1992,8.26
22-05-1992,8.16
29-05-1992,8.21
05-06-1992,8.18
12-06-1992,8.12
19-06-1992,8.03
26-06-1992,7.98
03-07-1992,7.84
10-07-1992,7.67
17-07-1992,7.63
24-07-1992,7.61
31-07-1992,7.6
07-08-1992,7.59
14-08-1992,7.48
21-08-1992,7.38
28-08-1992,7.51
04-09-1992,7.44
11-09-1992,7.33
18-09-1992,7.37
24-09-1992,7.48
02-10-1992,7.37
09-10-1992,7.46
16-10-1992,7.51
23-10-1992,7.71
30-10-1992,7.68
06-11-1992,7.75
13-11-1992,7.79
20-11-1992,7.83
27-11-1992,7.81
04-12-1992,7.87
11-12-1992,7.77
18-12-1992,7.74
25-12-1992,7.65
31-12-1992,7.68
08-01-1993,7.6
15-01-1993,7.56
22-01-1993,7.51
29-01-1993,7.37
05-02-1993,7.29
12-02-1993,7.25
19-02-1993,7.12
26-02-1993,7.02
05-03-1993,6.91
12-03-1993,6.97
19-03-1993,7.07
26-03-1993,7.01
02-04-1993,7.03
09-04-1993,7.07
16-04-1993,6.93
23-04-1993,6.86
30-04-1993,6.91
07-05-1993,6.88
14-05-1993,6.86
21-05-1993,6.98
28-05-1993,6.99
04-06-1993,6.97
11-06-1993,6.98
18-06-1993,6.87
25-06-1993,6.84
02-07-1993,6.76
09-07-1993,6.71
16-07-1993,6.67
23-07-1993,6.7
30-07-1993,6.75
06-08-1993,6.72
13-08-1993,6.68
20-08-1993,6.62
27-08-1993,6.49
03-09-1993,6.45
10-09-1993,6.35
17-09-1993,6.49
24-09-1993,6.47
01-10-1993,6.41
08-10-1993,6.39
15-10-1993,6.36
22-10-1993,6.31
29-10-1993,6.4
05-11-1993,6.65
12-11-1993,6.64
19-11-1993,6.62
26-11-1993,6.84
04-12-1993,6.74
10-12-1993,6.65
17-12-1993,6.7
24-12-1993,6.69
31-12-1993,6.63
07-01-1994,6.74
14-01-1994,6.48
21-01-1994,6.57
28-01-1994,6.47
04-02-1994,6.46
11-02-1994,6.72
18-02-1994,6.64
25-02-1994,6.8
04-03-1994,7.01
11-03-1994,7.15
18-03-1994,7.27
25-03-1994,7.3
01-04-1994,7.55
08-04-1994,7.91
15-04-1994,7.72
22-04-1994,7.97
29-04-1994,7.85
06-05-1994,8.03
13-05-1994,8.25
20-05-1994,8.04
27-05-1994,7.99
03-06-1994,8.02
10-06-1994,7.79
17-06-1994,7.83
24-06-1994,8.0
01-07-1994,8.07
08-07-1994,8.15
15-07-1994,8.2
22-07-1994,8.05
29-07-1994,8.09
05-08-1994,7.9
12-08-1994,8.08
19-08-1994,8.05
26-08-1994,8.05
02-09-1994,7.96
09-09-1994,8.03
16-09-1994,8.15
23-09-1994,8.21
30-09-1994,8.31
07-10-1994,8.38
14-10-1994,8.4
21-10-1994,8.3
28-10-1994,8.47
04-11-1994,8.51
11-11-1994,8.67
18-11-1994,8.71
25-11-1994,8.77
02-12-1994,8.76
09-12-1994,8.77
16-12-1994,8.89
23-12-1994,8.79
30-12-1994,8.81
06-01-1995,8.87
13-01-1995,8.85
20-01-1995,8.7
27-01-1995,8.76
03-02-1995,8.59
10-02-1995,8.45
17-02-1995,8.46
24-02-1995,8.34
03-03-1995,8.15
10-03-1995,8.24
17-03-1995,8.0
24-03-1995,7.97
31-03-1995,7.96
07-04-1995,7.99
14-04-1995,7.93
21-04-1995,7.8
28-04-1995,7.8
05-05-1995,7.8
12-05-1995,7.45
19-05-1995,7.39
26-05-1995,7.4
02-06-1995,7.24
09-06-1995,7.0
16-06-1995,7.03
23-06-1995,7.01
30-06-1995,7.03
07-07-1995,7.11
14-07-1995,6.89
21-07-1995,7.08
28-07-1995,7.27
04-08-1995,7.31
11-08-1995,7.31
18-08-1995,7.43
25-08-1995,7.39
01-09-1995,7.27
08-09-1995,7.16
15-09-1995,7.12
22-09-1995,7.09
29-09-1995,7.16
06-10-1995,7.09
13-10-1995,7.01
20-10-1995,6.92
27-10-1995,7.01
03-11-1995,6.97
09-11-1995,6.87
17-11-1995,6.86
24-11-1995,6.85
01-12-1995,6.85
08-12-1995,6.74
15-12-1995,6.71
22-12-1995,6.73
29-12-1995,6.65
05-01-1996,6.56
12-01-1996,6.59
19-01-1996,6.53
26-01-1996,6.5
02-02-1996,6.52
09-02-1996,6.51
16-02-1996,6.44
23-02-1996,6.77
01-03-1996,6.87
08-03-1996,6.87
15-03-1996,7.32
22-03-1996,7.32
29-03-1996,7.19
05-04-1996,7.29
12-04-1996,7.56
19-04-1996,7.48
26-04-1996,7.43
03-05-1996,7.5
10-05-1996,7.75
17-05-1996,7.59
24-05-1996,7.51
31-05-1996,7.54
07-06-1996,7.8
14-06-1996,7.9
21-06-1996,7.81
28-06-1996,7.82
05-07-1996,7.67
12-07-1996,7.93
19-07-1996,7.76
26-07-1996,7.71
02-08-1996,7.75
09-08-1996,7.4
16-08-1996,7.39
23-08-1996,7.45
30-08-1996,7.6
06-09-1996,7.88
13-09-1996,7.81
20-09-1996,7.64
27-09-1996,7.68
04-10-1996,7.58
11-10-1996,7.38
18-10-1996,7.39
25-10-1996,7.37
01-11-1996,7.3
08-11-1996,7.2
15-11-1996,7.11
22-11-1996,7.06
29-11-1996,7.04
06-12-1996,6.96
13-12-1996,7.06
20-12-1996,7.21
27-12-1996,7.16
03-01-1997,7.18
10-01-1997,7.35
17-01-1997,7.38
24-01-1997,7.35
31-01-1997,7.38
07-02-1997,7.25
14-02-1997,7.14
21-02-1997,7.06
28-02-1997,7.15
07-03-1997,7.35
14-03-1997,7.34
21-03-1997,7.45
28-03-1997,7.48
04-04-1997,7.7
11-04-1997,7.67
18-04-1997,7.71
25-04-1997,7.62
02-05-1997,7.53
09-05-1997,7.47
16-05-1997,7.44
23-05-1997,7.45
30-05-1997,7.47
06-06-1997,7.4
13-06-1997,7.27
20-06-1997,7.14
27-06-1997,7.13
04-07-1997,7.15
11-07-1997,7.01
18-07-1997,7.01
25-07-1997,6.98
01-08-1997,6.9
08-08-1997,7.0
15-08-1997,7.07
22-08-1997,6.99
29-08-1997,7.12
05-09-1997,7.08
12-09-1997,7.07
19-09-1997,6.94
26-09-1997,6.86
03-10-1997,6.87
10-10-1997,6.82
17-10-1997,6.89
24-10-1997,6.9
31-10-1997,6.76
07-11-1997,6.8
14-11-1997,6.78
21-11-1997,6.73
28-11-1997,6.73
05-12-1997,6.71
12-12-1997,6.72
19-12-1997,6.65
26-12-1997,6.57
02-01-1998,6.61
09-01-1998,6.55
16-01-1998,6.46
23-01-1998,6.56
30-01-1998,6.7
06-02-1998,6.62
13-02-1998,6.65
20-02-1998,6.59
28-02-1998,6.69
06-03-1998,6.8
13-03-1998,6.78
20-03-1998,6.7
27-03-1998,6.69
03-04-1998,6.79
10-04-1998,6.74
17-04-1998,6.81
24-04-1998,6.78
01-05-1998,6.85
08-05-1998,6.78
15-05-1998,6.82
22-05-1998,6.75
29-05-1998,6.72
05-06-1998,6.7
12-06-1998,6.71
19-06-1998,6.62
26-06-1998,6.64
03-07-1998,6.65
10-07-1998,6.6
17-07-1998,6.6
24-07-1998,6.63
31-07-1998,6.64
07-08-1998,6.63
14-08-1998,6.6
21-08-1998,6.61
28-08-1998,6.61
04-09-1998,6.51
11-09-1998,6.43
18-09-1998,6.35
25-09-1998,6.32
02-10-1998,6.27
09-10-1998,6.15
16-10-1998,6.58
23-10-1998,6.34
30-10-1998,6.48
06-11-1998,6.5
13-11-1998,6.57
20-11-1998,6.51
27-11-1998,6.44
04-12-1998,6.37
11-12-1998,6.34
18-12-1998,6.35
25-12-1998,6.41
31-12-1998,6.48
08-01-1999,6.43
15-01-1999,6.48
22-01-1999,6.42
29-01-1999,6.37
05-02-1999,6.38
12-02-1999,6.4
19-02-1999,6.46
26-02-1999,6.51
05-03-1999,6.7
12-03-1999,6.75
19-03-1999,6.64
26-03-1999,6.61
02-04-1999,6.58
09-04-1999,6.53
16-04-1999,6.47
23-04-1999,6.51
30-04-1999,6.55
07-05-1999,6.61
14-05-1999,6.71
21-05-1999,6.83
28-05-1999,6.84
04-06-1999,7.04
11-06-1999,7.13
18-06-1999,7.26
25-06-1999,7.28
02-07-1999,7.34
09-07-1999,7.3
16-07-1999,7.19
23-07-1999,7.16
30-07-1999,7.29
06-08-1999,7.45
13-08-1999,7.7
20-08-1999,7.53
27-08-1999,7.43
03-09-1999,7.45
10-09-1999,7.49
17-09-1999,7.43
24-09-1999,7.4
01-10-1999,7.35
08-10-1999,7.43
15-10-1999,7.45
22-10-1999,7.53
29-10-1999,7.57
05-11-1999,7.45
12-11-1999,7.3
19-11-1999,7.31
26-11-1999,7.36
03-12-1999,7.46
10-12-1999,7.45
17-12-1999,7.47
24-12-1999,7.57
31-12-1999,7.66
07-01-2000,7.73
14-01-2000,7.78
21-01-2000,7.86
28-01-2000,7.84
04-02-2000,7.85
11-02-2000,7.96
18-02-2000,8.0
25-02-2000,7.92
03-03-2000,7.84
10-03-2000,7.81
17-03-2000,7.83
24-03-2000,7.84
31-03-2000,7.84
07-04-2000,7.83
14-04-2000,7.76
21-04-2000,7.82
28-04-2000,7.79
05-05-2000,7.94
12-05-2000,8.17
19-05-2000,8.31
26-05-2000,8.31
02-06-2000,8.24
09-06-2000,8.04
16-06-2000,7.91
23-06-2000,7.85
30-06-2000,7.92
07-07-2000,7.88
14-07-2000,7.8
21-07-2000,7.93
28-07-2000,7.85
04-08-2000,7.88
11-08-2000,7.75
18-08-2000,7.7
25-08-2000,7.72
01-09-2000,7.67
08-09-2000,7.65
15-09-2000,7.6
22-09-2000,7.57
29-09-2000,7.53
06-10-2000,7.5
13-10-2000,7.52
20-10-2000,7.5
27-10-2000,7.36
03-11-2000,7.41
10-11-2000,7.44
17-11-2000,7.41
24-11-2000,7.41
01-12-2000,7.35
08-12-2000,7.19
15-12-2000,7.11
22-12-2000,6.84
29-12-2000,6.79
05-01-2001,6.74
12-01-2001,6.49
19-01-2001,6.63
26-01-2001,6.7
02-02-2001,6.66
09-02-2001,6.6
16-02-2001,6.61
23-02-2001,6.69
02-03-2001,6.58
09-03-2001,6.52
16-03-2001,6.54
23-03-2001,6.44
30-03-2001,6.46
06-04-2001,6.54
13-04-2001,6.55
20-04-2001,6.66
27-04-2001,6.63
04-05-2001,6.66
11-05-2001,6.61
18-05-2001,6.67
25-05-2001,6.76
01-06-2001,6.78
08-06-2001,6.74
15-06-2001,6.7
22-06-2001,6.65
29-06-2001,6.63
06-07-2001,6.74
13-07-2001,6.76
20-07-2001,6.65
27-07-2001,6.58
03-08-2001,6.54
10-08-2001,6.54
17-08-2001,6.48
24-08-2001,6.47
31-08-2001,6.47
07-09-2001,6.44
14-09-2001,6.39
21-09-2001,6.3
28-09-2001,6.23
05-10-2001,6.11
12-10-2001,6.06
19-10-2001,6.09
26-10-2001,6.13
02-11-2001,6.04
09-11-2001,5.94
16-11-2001,5.98
23-11-2001,6.24
30-11-2001,6.53
07-12-2001,6.3
14-12-2001,6.57
21-12-2001,6.65
28-12-2001,6.65
04-01-2002,6.62
11-01-2002,6.55
18-01-2002,6.31
25-01-2002,6.44
01-02-2002,6.51
08-02-2002,6.36
15-02-2002,6.35
22-02-2002,6.28
01-03-2002,6.28
08-03-2002,6.37
15-03-2002,6.59
22-03-2002,6.65
29-03-2002,6.69
05-04-2002,6.64
12-04-2002,6.49
19-04-2002,6.42
26-04-2002,6.35
03-05-2002,6.26
10-05-2002,6.27
17-05-2002,6.37
24-05-2002,6.28
31-05-2002,6.22
07-06-2002,6.18
14-06-2002,6.17
21-06-2002,6.08
28-06-2002,5.99
05-07-2002,6.03
12-07-2002,6.0
19-07-2002,5.93
26-07-2002,5.76
02-08-2002,5.84
09-08-2002,5.69
16-08-2002,5.63
23-08-2002,5.71
30-08-2002,5.64
06-09-2002,5.56
13-09-2002,5.59
20-09-2002,5.47
27-09-2002,5.41
04-10-2002,5.4
11-10-2002,5.34
18-10-2002,5.56
25-10-2002,5.7
01-11-2002,5.51
08-11-2002,5.48
15-11-2002,5.32
22-11-2002,5.44
29-11-2002,5.57
06-12-2002,5.6
13-12-2002,5.46
20-12-2002,5.42
27-12-2002,5.32
03-01-2003,5.24
10-01-2003,5.33
17-01-2003,5.36
24-01-2003,5.31
31-01-2003,5.28
07-02-2003,5.27
14-02-2003,5.26
21-02-2003,5.21
28-02-2003,5.14
07-03-2003,5.01
14-03-2003,4.93
21-03-2003,5.11
28-03-2003,5.21
04-04-2003,5.06
11-04-2003,5.17
18-04-2003,5.12
25-04-2003,5.12
02-05-2003,5.03
09-05-2003,4.97
16-05-2003,4.84
23-05-2003,4.73
30-05-2003,4.73
06-06-2003,4.66
13-06-2003,4.6
20-06-2003,4.62
27-06-2003,4.63
04-07-2003,4.75
11-07-2003,4.85
18-07-2003,5.0
25-07-2003,5.27
01-08-2003,5.44
08-08-2003,5.66
15-08-2003,5.58
22-08-2003,5.6
29-08-2003,5.66
05-09-2003,5.77
12-09-2003,5.46
19-09-2003,5.3
26-09-2003,5.3
03-10-2003,5.1
10-10-2003,5.26
17-10-2003,5.36
24-10-2003,5.39
31-10-2003,5.26
07-11-2003,5.31
14-11-2003,5.39
21-11-2003,5.17
28-11-2003,5.22
05-12-2003,5.36
12-12-2003,5.24
19-12-2003,5.14
26-12-2003,5.13
31-12-2003,5.15
08-01-2004,5.17
15-01-2004,4.97
22-01-2004,4.95
29-01-2004,4.97
05-02-2004,5.03
12-02-2004,4.96
19-02-2004,4.87
26-02-2004,4.89
04-03-2004,4.88
11-03-2004,4.69
18-03-2004,4.69
25-03-2004,4.7
01-04-2004,4.84
08-04-2004,5.12
15-04-2004,5.23
22-04-2004,5.25
29-04-2004,5.35
06-05-2004,5.47
13-05-2004,5.72
20-05-2004,5.67
27-05-2004,5.69
03-06-2004,5.63
10-06-2004,5.67
17-06-2004,5.7
24-06-2004,5.64
01-07-2004,5.62
08-07-2004,5.42
15-07-2004,5.4
22-07-2004,5.39
29-07-2004,5.49
05-08-2004,5.4
12-08-2004,5.24
19-08-2004,5.19
26-08-2004,5.21
02-09-2004,5.15
09-09-2004,5.22
16-09-2004,5.13
23-09-2004,5.1
30-09-2004,5.12
07-10-2004,5.24
14-10-2004,5.14
21-10-2004,5.07
28-10-2004,5.01
04-11-2004,5.08
11-11-2004,5.16
18-11-2004,5.15
24-11-2004,5.15
02-12-2004,5.23
09-12-2004,5.14
16-12-2004,5.11
22-12-2004,5.18
29-12-2004,5.23
06-01-2005,5.21
13-01-2005,5.19
20-01-2005,5.15
27-01-2005,5.14
03-02-2005,5.14
10-02-2005,5.1
17-02-2005,5.14
24-02-2005,5.22
03-03-2005,5.33
10-03-2005,5.38
17-03-2005,5.47
24-03-2005,5.56
31-03-2005,5.58
07-04-2005,5.48
14-04-2005,5.46
21-04-2005,5.36
28-04-2005,5.33
05-05-2005,5.31
12-05-2005,5.33
19-05-2005,5.27
26-05-2005,5.21
02-06-2005,5.2
09-06-2005,5.14
16-06-2005,5.22
23-06-2005,5.16
30-06-2005,5.12
07-07-2005,5.2
14-07-2005,5.25
21-07-2005,5.32
28-07-2005,5.34
04-08-2005,5.38
11-08-2005,5.47
18-08-2005,5.4
25-08-2005,5.35
01-09-2005,5.32
08-09-2005,5.3
15-09-2005,5.32
22-09-2005,5.37
29-09-2005,5.48
06-10-2005,5.54
13-10-2005,5.62
20-10-2005,5.65
27-10-2005,5.69
03-11-2005,5.85
10-11-2005,5.89
17-11-2005,5.9
23-11-2005,5.81
01-12-2005,5.81
08-12-2005,5.87
15-12-2005,5.85
22-12-2005,5.79
29-12-2005,5.76
05-01-2006,5.76
12-01-2006,5.71
19-01-2006,5.67
26-01-2006,5.7
02-02-2006,5.81
09-02-2006,5.83
16-02-2006,5.91
23-02-2006,5.89
02-03-2006,5.89
09-03-2006,6.0
16-03-2006,5.98
23-03-2006,5.97
30-03-2006,6.0
06-04-2006,6.1
13-04-2006,6.14
20-04-2006,6.17
27-04-2006,6.21
04-05-2006,6.22
11-05-2006,6.17
18-05-2006,6.2
25-05-2006,6.23
01-06-2006,6.26
08-06-2006,6.23
15-06-2006,6.25
22-06-2006,6.36
29-06-2006,6.43
06-07-2006,6.44
13-07-2006,6.37
20-07-2006,6.41
27-07-2006,6.34
03-08-2006,6.27
10-08-2006,6.2
17-08-2006,6.2
24-08-2006,6.18
31-08-2006,6.14
07-09-2006,6.16
14-09-2006,6.11
21-09-2006,6.06
28-09-2006,5.98
05-10-2006,5.98
12-10-2006,6.06
19-10-2006,6.06
26-10-2006,6.1
02-11-2006,6.02
09-11-2006,6.04
16-11-2006,5.94
22-11-2006,5.91
30-11-2006,5.87
07-12-2006,5.84
14-12-2006,5.86
21-12-2006,5.89
28-12-2006,5.93
04-01-2007,5.94
11-01-2007,5.96
18-01-2007,5.98
25-01-2007,5.98
01-02-2007,6.06
08-02-2007,6.02
15-02-2007,6.03
22-02-2007,5.97
01-03-2007,5.92
08-03-2007,5.86
15-03-2007,5.88
22-03-2007,5.9
29-03-2007,5.86
05-04-2007,5.87
12-04-2007,5.9
19-04-2007,5.89
26-04-2007,5.87
03-05-2007,5.87
10-05-2007,5.87
17-05-2007,5.92
24-05-2007,6.06
31-05-2007,6.12
07-06-2007,6.22
14-06-2007,6.43
21-06-2007,6.37
28-06-2007,6.34
05-07-2007,6.3
12-07-2007,6.39
19-07-2007,6.38
26-07-2007,6.37
02-08-2007,6.32
09-08-2007,6.25
16-08-2007,6.3
23-08-2007,6.18
30-08-2007,6.12
06-09-2007,6.15
13-09-2007,5.97
20-09-2007,5.98
27-09-2007,6.09
04-10-2007,6.03
11-10-2007,6.06
18-10-2007,6.08
25-10-2007,5.99
01-11-2007,5.91
08-11-2007,5.9
15-11-2007,5.88
21-11-2007,5.83
29-11-2007,5.73
06-12-2007,5.65
13-12-2007,5.78
20-12-2007,5.79
27-12-2007,5.79
03-01-2008,5.68
10-01-2008,5.43
17-01-2008,5.21
24-01-2008,4.95
31-01-2008,5.17
07-02-2008,5.15
14-02-2008,5.25
21-02-2008,5.64
28-02-2008,5.72
06-03-2008,5.47
13-03-2008,5.6
20-03-2008,5.27
27-03-2008,5.34
03-04-2008,5.42
10-04-2008,5.42
17-04-2008,5.4
24-04-2008,5.62
01-05-2008,5.59
08-05-2008,5.6
15-05-2008,5.6
22-05-2008,5.55
29-05-2008,5.66
05-06-2008,5.65
12-06-2008,5.93
19-06-2008,6.02
26-06-2008,6.04
03-07-2008,5.92
10-07-2008,5.91
17-07-2008,5.78
24-07-2008,6.18
31-07-2008,6.07
07-08-2008,6.1
14-08-2008,6.07
21-08-2008,6.0
28-08-2008,5.93
04-09-2008,5.9
11-09-2008,5.54
18-09-2008,5.35
25-09-2008,5.77
02-10-2008,5.78
09-10-2008,5.63
16-10-2008,6.14
23-10-2008,5.72
30-10-2008,6.19
06-11-2008,5.88
13-11-2008,5.81
20-11-2008,5.73
26-11-2008,5.74
04-12-2008,5.33
11-12-2008,5.2
18-12-2008,4.92
24-12-2008,4.91
31-12-2008,4.83
08-01-2009,4.62
15-01-2009,4.65
22-01-2009,4.8
29-01-2009,4.8
05-02-2009,4.92
12-02-2009,4.81
19-02-2009,4.68
26-02-2009,4.68
05-03-2009,4.72
12-03-2009,4.64
19-03-2009,4.61
26-03-2009,4.58
02-04-2009,4.52
09-04-2009,4.54
16-04-2009,4.48
23-04-2009,4.48
30-04-2009,4.48
07-05-2009,4.51
14-05-2009,4.52
21-05-2009,4.5
28-05-2009,4.53
04-06-2009,4.79
11-06-2009,5.06
18-06-2009,4.89
25-06-2009,4.87
02-07-2009,4.77
09-07-2009,4.69
16-07-2009,4.63
23-07-2009,4.68
30-07-2009,4.69
06-08-2009,4.63
13-08-2009,4.68
20-08-2009,4.56
27-08-2009,4.58
03-09-2009,4.54
10-09-2009,4.5
17-09-2009,4.47
24-09-2009,4.46
01-10-2009,4.36
08-10-2009,4.33
15-10-2009,4.37
22-10-2009,4.43
29-10-2009,4.46
05-11-2009,4.4
12-11-2009,4.36
19-11-2009,4.32
25-11-2009,4.29
03-12-2009,4.27
10-12-2009,4.32
17-12-2009,4.38
24-12-2009,4.45
31-12-2009,4.54
07-01-2010,4.5
14-01-2010,4.45
21-01-2010,4.4
28-01-2010,4.39
04-02-2010,4.4
11-02-2010,4.34
18-02-2010,4.33
25-02-2010,4.4
04-03-2010,4.33
11-03-2010,4.32
18-03-2010,4.33
25-03-2010,4.34
01-04-2010,4.39
08-04-2010,4.52
15-04-2010,4.4
22-04-2010,4.39
29-04-2010,4.39
06-05-2010,4.36
13-05-2010,4.3
20-05-2010,4.24
27-05-2010,4.21
03-06-2010,4.2
10-06-2010,4.17
17-06-2010,4.2
24-06-2010,4.13
01-07-2010,4.04
08-07-2010,4.07
15-07-2010,4.06
22-07-2010,4.03
29-07-2010,4.0
05-08-2010,3.95
12-08-2010,3.92
19-08-2010,3.9
26-08-2010,3.86
02-09-2010,3.83
09-09-2010,3.83
16-09-2010,3.82
23-09-2010,3.82
30-09-2010,3.75
07-10-2010,3.72
14-10-2010,3.62
21-10-2010,3.64
28-10-2010,3.66
04-11-2010,3.63
11-11-2010,3.57
18-11-2010,3.76
24-11-2010,3.77
02-12-2010,3.81
09-12-2010,3.96
16-12-2010,4.17
23-12-2010,4.15
30-12-2010,4.2
06-01-2011,4.13
13-01-2011,4.08
20-01-2011,4.05
27-01-2011,4.09
03-02-2011,4.08
10-02-2011,4.29
17-02-2011,4.27
24-02-2011,4.22
03-03-2011,4.15
10-03-2011,4.15
17-03-2011,3.97
24-03-2011,4.04
31-03-2011,4.09
07-04-2011,4.1
14-04-2011,4.13
21-04-2011,4.02
28-04-2011,3.97
05-05-2011,3.89
12-05-2011,3.82
19-05-2011,3.8
26-05-2011,3.78
02-06-2011,3.74
09-06-2011,3.68
16-06-2011,3.67
23-06-2011,3.69
30-06-2011,3.69
07-07-2011,3.75
14-07-2011,3.65
21-07-2011,3.66
28-07-2011,3.66
04-08-2011,3.54
11-08-2011,3.5
18-08-2011,3.36
25-08-2011,3.44
01-09-2011,3.39
08-09-2011,3.33
15-09-2011,3.3
22-09-2011,3.29
29-09-2011,3.28
06-10-2011,3.26
13-10-2011,3.37
20-10-2011,3.38
27-10-2011,3.38
03-11-2011,3.31
10-11-2011,3.3
17-11-2011,3.31
23-11-2011,3.3
01-12-2011,3.3
08-12-2011,3.27
15-12-2011,3.21
22-12-2011,3.21
29-12-2011,3.24
05-01-2012,3.23
12-01-2012,3.16
19-01-2012,3.17
26-01-2012,3.24
02-02-2012,3.14
09-02-2012,3.16
16-02-2012,3.16
23-02-2012,3.19
01-03-2012,3.17
08-03-2012,3.13
15-03-2012,3.16
22-03-2012,3.3
29-03-2012,3.23
05-04-2012,3.21
12-04-2012,3.11
19-04-2012,3.13
26-04-2012,3.12
03-05-2012,3.07
10-05-2012,3.05
17-05-2012,3.04
24-05-2012,3.04
31-05-2012,2.97
07-06-2012,2.94
14-06-2012,2.98
21-06-2012,2.95
28-06-2012,2.94
05-07-2012,2.89
12-07-2012,2.86
19-07-2012,2.83
26-07-2012,2.8
02-08-2012,2.83
09-08-2012,2.84
16-08-2012,2.88
23-08-2012,2.89
30-08-2012,2.86
06-09-2012,2.86
13-09-2012,2.85
20-09-2012,2.77
27-09-2012,2.73
04-10-2012,2.69
11-10-2012,2.7
18-10-2012,2.66
25-10-2012,2.72
01-11-2012,2.7
08-11-2012,2.69
15-11-2012,2.65
21-11-2012,2.63
29-11-2012,2.64
06-12-2012,2.67
13-12-2012,2.66
20-12-2012,2.65
27-12-2012,2.65
03-01-2013,2.64
10-01-2013,2.66
17-01-2013,2.66
24-01-2013,2.71
31-01-2013,2.81
07-02-2013,2.77
14-02-2013,2.77
21-02-2013,2.77
28-02-2013,2.76
07-03-2013,2.76
14-03-2013,2.79
21-03-2013,2.72
28-03-2013,2.76
04-04-2013,2.74
11-04-2013,2.65
18-04-2013,2.64
25-04-2013,2.61
02-05-2013,2.56
09-05-2013,2.61
16-05-2013,2.69
23-05-2013,2.77
30-05-2013,2.98
06-06-2013,3.03
13-06-2013,3.1
20-06-2013,3.04
27-06-2013,3.5
03-07-2013,3.39
11-07-2013,3.53
18-07-2013,3.41
25-07-2013,3.39
01-08-2013,3.43
08-08-2013,3.43
15-08-2013,3.44
22-08-2013,3.6
29-08-2013,3.54
05-09-2013,3.59
12-09-2013,3.59
19-09-2013,3.54
26-09-2013,3.37
03-10-2013,3.29
10-10-2013,3.31
17-10-2013,3.33
24-10-2013,3.24
31-10-2013,3.2
07-11-2013,3.27
14-11-2013,3.35
21-11-2013,3.27
27-11-2013,3.3
05-12-2013,3.47
12-12-2013,3.43
19-12-2013,3.51
26-12-2013,3.52
02-01-2014,3.55
09-01-2014,3.56
16-01-2014,3.45
23-01-2014,3.44
30-01-2014,3.4
06-02-2014,3.33
13-02-2014,3.33
20-02-2014,3.35
27-02-2014,3.39
06-03-2014,3.32
13-03-2014,3.38
20-03-2014,3.32
27-03-2014,3.42
03-04-2014,3.47
10-04-2014,3.38
17-04-2014,3.33
24-04-2014,3.39
01-05-2014,3.38
08-05-2014,3.32
15-05-2014,3.29
22-05-2014,3.25
29-05-2014,3.21
05-06-2014,3.23
12-06-2014,3.31
19-06-2014,3.3
26-06-2014,3.22
03-07-2014,3.22
10-07-2014,3.24
17-07-2014,3.23
24-07-2014,3.26
31-07-2014,3.23
07-08-2014,3.27
14-08-2014,3.24
21-08-2014,3.23
28-08-2014,3.25
04-09-2014,3.24
11-09-2014,3.26
18-09-2014,3.37
25-09-2014,3.36
02-10-2014,3.36
09-10-2014,3.3
16-10-2014,3.18
23-10-2014,3.08
30-10-2014,3.13
06-11-2014,3.21
13-11-2014,3.2
20-11-2014,3.17
26-11-2014,3.17
04-12-2014,3.1
11-12-2014,3.2
18-12-2014,3.09
24-12-2014,3.1
31-12-2014,3.15
08-01-2015,3.05
15-01-2015,2.98
22-01-2015,2.93
29-01-2015,2.98
05-02-2015,2.92
12-02-2015,2.99
19-02-2015,3.05
26-02-2015,3.07
05-03-2015,3.03
12-03-2015,3.1
19-03-2015,3.06
26-03-2015,2.97
02-04-2015,2.98
09-04-2015,2.93
16-04-2015,2.94
23-04-2015,2.92
30-04-2015,2.94
07-05-2015,3.02
14-05-2015,3.07
21-05-2015,3.05
28-05-2015,3.11
04-06-2015,3.08
11-06-2015,3.25
18-06-2015,3.23
25-06-2015,3.21
02-07-2015,3.24
09-07-2015,3.2
16-07-2015,3.25
23-07-2015,3.21
30-07-2015,3.17
06-08-2015,3.13
13-08-2015,3.17
20-08-2015,3.15
27-08-2015,3.06
03-09-2015,3.09
10-09-2015,3.1
17-09-2015,3.11
24-09-2015,3.08
01-10-2015,3.07
08-10-2015,2.99
15-10-2015,3.03
22-10-2015,2.98
29-10-2015,2.98
05-11-2015,3.09
12-11-2015,3.2
19-11-2015,3.18
25-11-2015,3.18
03-12-2015,3.16
10-12-2015,3.19
17-12-2015,3.22
24-12-2015,3.22
31-12-2015,3.24
07-01-2016,3.26
14-01-2016,3.19
21-01-2016,3.1
28-01-2016,3.07
04-02-2016,3.01
11-02-2016,2.95
18-02-2016,2.95
25-02-2016,2.93
03-03-2016,2.94
10-03-2016,2.96
17-03-2016,2.99
24-03-2016,2.96
31-03-2016,2.98
07-04-2016,2.88
14-04-2016,2.86
21-04-2016,2.85
28-04-2016,2.89
05-05-2016,2.86
12-05-2016,2.81
19-05-2016,2.81
26-05-2016,2.89
02-06-2016,2.92
09-06-2016,2.87
16-06-2016,2.81
23-06-2016,2.83
30-06-2016,2.78
07-07-2016,2.74
14-07-2016,2.72
21-07-2016,2.75
28-07-2016,2.78
04-08-2016,2.74
11-08-2016,2.76
18-08-2016,2.74
25-08-2016,2.74
01-09-2016,2.77
08-09-2016,2.76
15-09-2016,2.77
22-09-2016,2.76
29-09-2016,2.72
06-10-2016,2.72
13-10-2016,2.76
20-10-2016,2.79
27-10-2016,2.78
03-11-2016,2.84
10-11-2016,2.88
17-11-2016,3.14
23-11-2016,3.25
01-12-2016,3.34
08-12-2016,3.36
15-12-2016,3.37
22-12-2016,3.52
29-12-2016,3.55
05-01-2017,3.44
12-01-2017,3.37
19-01-2017,3.34
26-01-2017,3.4
02-02-2017,3.41
09-02-2017,3.39
16-02-2017,3.35
23-02-2017,3.37
02-03-2017,3.32
09-03-2017,3.42
16-03-2017,3.5
23-03-2017,3.44
30-03-2017,3.39
06-04-2017,3.36
13-04-2017,3.34
20-04-2017,3.23
27-04-2017,3.27
04-05-2017,3.27
11-05-2017,3.29
18-05-2017,3.27
25-05-2017,3.19
01-06-2017,3.19
08-06-2017,3.16
15-06-2017,3.18
22-06-2017,3.17
29-06-2017,3.17
06-07-2017,3.22
13-07-2017,3.29
20-07-2017,3.23
27-07-2017,3.2
03-08-2017,3.18
10-08-2017,3.18
17-08-2017,3.16
24-08-2017,3.16
31-08-2017,3.12
07-09-2017,3.08
14-09-2017,3.08
21-09-2017,3.13
28-09-2017,3.13
05-10-2017,3.15
12-10-2017,3.21
19-10-2017,3.19
26-10-2017,3.25
02-11-2017,3.27
09-11-2017,3.24
16-11-2017,3.31
22-11-2017,3.32
30-11-2017,3.3
07-12-2017,3.36
14-12-2017,3.36
21-12-2017,3.38
28-12-2017,3.44
04-01-2018,3.38
11-01-2018,3.44
18-01-2018,3.49
25-01-2018,3.62
01-02-2018,3.68
08-02-2018,3.77
15-02-2018,3.84
22-02-2018,3.85
01-03-2018,3.9
08-03-2018,3.94
15-03-2018,3.9
22-03-2018,3.91
29-03-2018,3.9
05-04-2018,3.87
12-04-2018,3.87
19-04-2018,3.94
26-04-2018,4.02
03-05-2018,4.03
10-05-2018,4.01
17-05-2018,4.08
24-05-2018,4.15
31-05-2018,4.06
07-06-2018,4.01
14-06-2018,4.07
21-06-2018,4.04
28-06-2018,4.04
05-07-2018,3.99
12-07-2018,4.02
19-07-2018,4.0
26-07-2018,4.02
02-08-2018,4.08
09-08-2018,4.05
16-08-2018,4.01
23-08-2018,3.98
30-08-2018,3.97
06-09-2018,3.99
13-09-2018,4.06
20-09-2018,4.11
27-09-2018,4.16
04-10-2018,4.15
11-10-2018,4.29
18-10-2018,4.26
25-10-2018,4.29
01-11-2018,4.23
08-11-2018,4.33
15-11-2018,4.36
21-11-2018,4.24
29-11-2018,4.25
06-12-2018,4.21
13-12-2018,4.07
20-12-2018,4.07
27-12-2018,4.01
03-01-2019,3.99
10-01-2019,3.89
17-01-2019,3.88
24-01-2019,3.88
31-01-2019,3.89
07-02-2019,3.84
14-02-2019,3.81
21-02-2019,3.78
28-02-2019,3.77
07-03-2019,3.83
14-03-2019,3.76
21-03-2019,3.71
28-03-2019,3.57
04-04-2019,3.56
11-04-2019,3.6
18-04-2019,3.62
25-04-2019,3.64
02-05-2019,3.6
09-05-2019,3.57
16-05-2019,3.53
23-05-2019,3.51
30-05-2019,3.46
06-06-2019,3.28
13-06-2019,3.26
20-06-2019,3.25
27-06-2019,3.16
03-07-2019,3.18
11-07-2019,3.22
18-07-2019,3.23
25-07-2019,3.18
01-08-2019,3.2
08-08-2019,3.05
15-08-2019,3.07
22-08-2019,3.03
29-08-2019,3.06
05-09-2019,3.0
12-09-2019,3.09
19-09-2019,3.21
26-09-2019,3.16
03-10-2019,3.14
10-10-2019,3.05
17-10-2019,3.15
24-10-2019,3.18
31-10-2019,3.19
07-11-2019,3.13
14-11-2019,3.2
21-11-2019,3.15
27-11-2019,3.15
05-12-2019,3.14
12-12-2019,3.19
19-12-2019,3.19
26-12-2019,3.19
02-01-2020,3.16
09-01-2020,3.07
16-01-2020,3.09
23-01-2020,3.04
30-01-2020,3.0
06-02-2020,2.97
13-02-2020,2.97
20-02-2020,2.99
27-02-2020,2.95
05-03-2020,2.79
12-03-2020,2.77
19-03-2020,3.06
26-03-2020,2.92
02-04-2020,2.82
09-04-2020,2.77
16-04-2020,2.8
23-04-2020,2.86
30-04-2020,2.77
07-05-2020,2.73
14-05-2020,2.72
21-05-2020,2.7
28-05-2020,2.62
04-06-2020,2.62
11-06-2020,2.62
18-06-2020,2.58
25-06-2020,2.59
02-07-2020,2.56
09-07-2020,2.51
16-07-2020,2.48
23-07-2020,2.54
30-07-2020,2.51
06-08-2020,2.44
13-08-2020,2.46
20-08-2020,2.54
27-08-2020,2.46
03-09-2020,2.42
10-09-2020,2.37
17-09-2020,2.35
24-09-2020,2.4
01-10-2020,2.36
08-10-2020,2.37
15-10-2020,2.35
22-10-2020,2.33
29-10-2020,2.32
05-11-2020,2.32
12-11-2020,2.34
19-11-2020,2.28
25-11-2020,2.28
03-12-2020,2.26
10-12-2020,2.26
17-12-2020,2.21
24-12-2020,2.19
31-12-2020,2.17
07-01-2021,2.16
14-01-2021,2.23
21-01-2021,2.21
28-01-2021,2.2
04-02-2021,2.21
11-02-2021,2.19
18-02-2021,2.21
25-02-2021,2.34
04-03-2021,2.34
11-03-2021,2.38
18-03-2021,2.4
25-03-2021,2.45
01-04-2021,2.45
08-04-2021,2.42
15-04-2021,2.35
22-04-2021,2.29
29-04-2021,2.31
06-05-2021,2.3
13-05-2021,2.26
20-05-2021,2.29
27-05-2021,2.27
03-06-2021,2.27
10-06-2021,2.23
17-06-2021,2.24
24-06-2021,2.34
01-07-2021,2.26
08-07-2021,2.2
15-07-2021,2.22
22-07-2021,2.12
29-07-2021,2.1
05-08-2021,2.1
12-08-2021,2.15
19-08-2021,2.16
26-08-2021,2.17
02-09-2021,2.18
09-09-2021,2.19
16-09-2021,2.12
23-09-2021,2.15
30-09-2021,2.28
07-10-2021,2.23
14-10-2021,2.3
21-10-2021,2.33
28-10-2021,2.37
04-11-2021,2.35
10-11-2021,2.27
18-11-2021,2.39
24-11-2021,2.42
02-12-2021,2.39
09-12-2021,2.38
16-12-2021,2.34
23-12-2021,2.3
30-12-2021,2.33
06-01-2022,2.43
13-01-2022,2.62
20-01-2022,2.79
27-01-2022,2.8
03-02-2022,2.77
10-02-2022,2.93
17-02-2022,3.15
24-02-2022,3.14
03-03-2022,3.01
10-03-2022,3.09
17-03-2022,3.39
24-03-2022,3.63
31-03-2022,3.83
07-04-2022,3.91
14-04-2022,4.17
21-04-2022,4.38
28-04-2022,4.4
05-05-2022,4.52
12-05-2022,4.48
19-05-2022,4.43
26-05-2022,4.31
02-06-2022,4.32
09-06-2022,4.38
16-06-2022,4.81
23-06-2022,4.92
30-06-2022,4.83
07-07-2022,4.45
14-07-2022,4.67
21-07-2022,4.75
28-07-2022,4.58
04-08-2022,4.26
11-08-2022,4.59
18-08-2022,4.55
25-08-2022,4.85
01-09-2022,4.98
08-09-2022,5.16
15-09-2022,5.21
22-09-2022,5.44
29-09-2022,5.96
06-10-2022,5.9
13-10-2022,6.09
20-10-2022,6.23
27-10-2022,6.36
03-11-2022,6.29
10-11-2022,6.38
17-11-2022,5.98
23-11-2022,5.9
01-12-2022,5.76
08-12-2022,5.67
15-12-2022,5.54
22-12-2022,5.69
29-12-2022,5.68
05-01-2023,5.73
12-01-2023,5.52
19-01-2023,5.28
26-01-2023,5.17
02-02-2023,5.14
09-02-2023,5.25
16-02-2023,5.51
23-02-2023,5.76
02-03-2023,5.89
09-03-2023,5.95
16-03-2023,5.9
23-03-2023,5.68
30-03-2023,5.56
06-04-2023,5.64
13-04-2023,5.54
20-04-2023,5.76
27-04-2023,5.71
04-05-2023,5.76
11-05-2023,5.75
18-05-2023,5.75
25-05-2023,5.97
01-06-2023,6.18
08-06-2023,6.07
15-06-2023,6.1
22-06-2023,6.03
29-06-2023,6.06
06-07-2023,6.24
13-07-2023,6.3
20-07-2023,6.06
27-07-2023,6.11
03-08-2023,6.25
10-08-2023,6.34
17-08-2023,6.46
